username,userid,profile_location,created_at,text,retweet_count,source,coordinates
Boogie Bee,30378347,WHOville,2023-01-20 06:46:03,"It‚Äôs giving hit 4 countries in 6 days for Partying Down , Legal Drug Use &amp; Luxury or hit one country with all thing‚Ä¶ https://t.co/FPWPgUle2t",0,Twitter for iPhone,
Author Chelsea Alana,114989709,"Westchester, NY",2023-01-20 03:03:19,"Netflix really needs to step it up. I'm tired of watching shows that are themed with only drug addicted, sex crazed‚Ä¶ https://t.co/XYlKalQ8cM",0,Twitter Web App,
GalaxyNewsWasteland,979587075023523840,"Inwood, NY",2023-01-20 02:38:57,@TheJaredMonroe Candice:  Steven drug me into this and it pisses me off.  Also Candice:  Ask Not Gay Jared!,2,Twitter for iPhone,
Black Luigi üçø,3043367285,"Bronx, NY",2023-01-20 00:45:24,üòîüòîüòî humanities greatest drug https://t.co/r09EBmadES,0,Twitter for iPhone,
CelebStoner,17525328,"Bronx, NY",2023-01-20 00:38:31,David Crosby passed away at 81 on Jan. 19. The singer-songwriter was known for many things: His work with the Byrds‚Ä¶ https://t.co/nvcfx4zrwX,1,Twitter Web App,
CelebStoner,17525328,"Bronx, NY",2023-01-20 00:37:41,David Crosby passed away at 81 on Jan. 19. The singer-songwriter was known for many things: His work with the Byrds‚Ä¶ https://t.co/mixLvT8NFD,1,Twitter Web App,
shakai,1345151887574790145,"Harlem, NY ",2023-01-20 00:11:10,The @NYCMayor call me Eric Adam‚Äôs I m the Devil son like @AdamSandler when stared in the movie Little Nicky use 2se‚Ä¶ https://t.co/Zb77PcYr2Q,0,Twitter for iPhone,
sean ü•É.,1234263714427211779,THE BRONX,2023-01-19 22:41:48,"ppl like meek mill stupid wet french fry eatin lanky goofy lookin ass are misusing shrooms, the shit is not weed or‚Ä¶ https://t.co/6F2o36rZPo",0,Twitter for iPhone,
üéÉ Orlando üçÅ,1498006213195452432,"Bronx, NY",2023-01-19 22:22:51,@Kcalb_4 @getratiodmessi Homelander is liter a human with drug powers,0,Twitter for iPhone,
@TS_truestory9 üíé,162072381,"Bronx, NY",2023-01-19 21:09:27,smoking is cool until that good job mentions a drug test ‚Ä¶ Fuck ! üò≠,0,Twitter for iPhone,
shakai,1345151887574790145,"Harlem, NY ",2023-01-19 19:35:09,Use to want a Rocafella Chain like Harlem dudes @DuskoPoppington @1996Biggs &amp; @Mr_Camron wore B4 I had a job workin‚Ä¶ https://t.co/MinfPsnF7i,0,Twitter for iPhone,
James B Kepple,23344344,"Harlem, New York",2023-01-19 19:23:34,#ubtruth In Violation of the Nuremburg Code &amp; International Law the city government of #NYC pushed poison into the‚Ä¶ https://t.co/hQshEvobwD,0,Twitter Web App,
pga_kash2x,1529593760526524418,"Bronx, NY",2023-01-19 18:29:53,Love is Like a drug ‚Ä¶ I‚Äôm having drug addictions ‚úçÔ∏è https://t.co/Zpnq0qOYvz,0,Twitter for iPhone,
Susha,1163864648233492480,"Bronx, NY",2023-01-19 17:24:43,@ChiChi_Verse ü§£ü§£While I do find this adorable it is just utterly ridiculous with her inheriting her mother‚Äôs abnorm‚Ä¶ https://t.co/y7atxtADOI,0,Twitter for iPhone,
Rich (NYC era),28979807,"New York, NY",2023-01-19 17:04:14,the only reasonable way they got these results is from over sampling from drug addict rock stars,0,Twitter for iPhone,
Andrew Kadel @DrewKadel@social.coop,2198634601,"Bronx, NY",2023-01-19 16:53:25,"@shrinkthinks @1WookieMilson It was in Thailand during the Vietnam War. (I only recently watched Apocalypse Now, cl‚Ä¶ https://t.co/tFkv4GwEV6",0,Twitter Web App,
Michael Luca,954928875598991361,"The Bronx, NY",2023-01-19 13:53:06,"They could child abusers, sex offenders, human traffickers, they could be diseases, drug pushers!! etc. This Dumocr‚Ä¶ https://t.co/os3KrdGOhy",0,Twitter for iPad,
Tim Maxwell,1367645840068780033,,2023-01-19 12:05:16,"@lakitukl Pfizer teamed up w/ then to work on a drug, yes",0,Twitter for iPhone,
Clarence White,808590777291075584,"Bronx, NY",2023-01-19 11:47:58,He about to get hit with a drug test soon..ü§¶üèæ‚Äç‚ôÇÔ∏è https://t.co/tkHbVA4e1Q,12,Twitter for iPhone,
‚ú®Reina Cat√≥lica de E.E.U.U.‚ú®,1235570957865103360,"New York, USA",2023-01-19 06:46:53,"Drug dealing is not complex, it is akin to prostitution. Its morally wrong. You dont get the right to ruin other pe‚Ä¶ https://t.co/2RiKa8gECY",0,Twitter for Android,
TRUE STEEL,40670101,"HARLEM, NY",2023-01-19 03:14:57,@spinnellii COCAINE is the only drug that make you look like that. That‚Äôs a fact. Just say no to drugs kids.,0,Twitter for iPhone,
KG,1032946142,"Bronx, NY",2023-01-19 01:00:59,I was the drug dealer üòÇ https://t.co/qyiCFvzBhT,0,Twitter for iPhone,
Jacqueline Weiden PhD ‚òÆÔ∏èüá∫üá¶üè≥Ô∏è‚Äçüåà#BLMüè≥Ô∏è‚Äç‚ößÔ∏è,126538715,NYC sometimes,2023-01-18 23:30:11,@AndrewCicchett1 That‚Äôs my daughter! Only more dramatic based on the kool aid she drank. Accused me of crimes that‚Ä¶ https://t.co/raj82Kxkjg,0,Twitter for iPhone,
Oswald Feliz,910920538448678913,"Bronx, NY",2023-01-18 21:57:24,"Unlicensed smoke shops have popped up everywhere in our city, undermining the legal market built for people affecte‚Ä¶ https://t.co/2osK5pLfqF",1,Twitter for iPhone,
D.A II üóΩ‚ôêÔ∏èü•Ç,1230889321785384960,"Queens, NY",2023-01-18 21:42:29,@the1onewon Lmao I want to be a drug dealing gangster so bad,0,Twitter for iPhone,
PUERTO RICAN ALCHEMIST,30663037,"Bronx, NY",2023-01-18 20:33:04,If there‚Äôs one thing Dry January has reaffirmed for me is music was and is my first drug,0,Twitter for iPhone,
Chris,1525647186024972289,"Bronx, NY",2023-01-18 19:03:33,@OmkarNa34131729 @mortalia444 @LoganPaul @jakepaul that hasn‚Äôt been proven true. That girl kept fumbling her story.‚Ä¶ https://t.co/SF2pLTXbsF,0,Twitter for iPhone,
Ari Fantis,49248817,New York,2023-01-18 18:54:49,"@ScottMendelson @TheWrap Because it's one thing to address that Elvis Presley, Whitney Houston and Freddie Mercury‚Ä¶ https://t.co/Fn3ZjdbJRA",2,Twitter for Android,
ÈÇ£ÂÄã‰∫∫,1070622134685249536,Uptown,2023-01-18 18:34:48,@Ididntsaythat6 @choeshow @MayorofSeattle @SeattleCouncil @SeattlePD @SeattleParks Probably involved in some drug dealing/consuming too.,0,Twitter Web App,
Lex Da Donüíô,1598887640882941953,"Bronx, NY",2023-01-18 17:12:03,@niicole__nicole Coke was a white collar drug crack mmmm is not but now coke is cheap and crack has always been wack or w.e Whitney said üò©üò≠,0,Twitter for iPhone,
CNBC Events,422293154,"Englewood Cliffs, NJ",2023-01-18 15:53:02,"March 29th &gt; Our annual #HealthyReturns Summit convenes, and we're gathering investors and innovators in the health‚Ä¶ https://t.co/nQQRwtAIT4",5,Twitter Web App,
Boe Diddly,264492987,Uptown,2023-01-18 15:49:42,They keep Drug testing Ja üòÇüòÇüòÇ. Everybody and their momma from North Carolina and South Carolina got bunnies like that. IJS,0,Twitter for iPhone,
K.rel_Wüíô‚ú®üçÉ,890781668491096067,"Bronx, NY",2023-01-18 14:05:44,"@goat_47 No cap, these boys getting drug test regularly now",0,Twitter for iPhone,
üáµüá∑,24103080,"Bronx, NY",2023-01-18 13:29:32,"@RahlDeal @AvaJeromeStan Between that, and her saying Harmony is a better option than Nina..when Harmony groomed he‚Ä¶ https://t.co/pPO40NsdKk",0,Twitter for iPhone,
Orlando V,1361315222057848833,Bronx NY ,2023-01-18 04:00:05,@RetroCoast Not For the Drug dealers no Credit just Dirty Money and they are Living it UP.,0,Twitter Web App,
ü¶Ü,914976117592817664,"Bronx, NY",2023-01-18 00:48:31,Hope he thinks imma drug dealer that‚Äôd be cool,0,Twitter for iPhone,
James B Kepple,23344344,"Harlem, New York",2023-01-17 23:12:36,@NYCMayor you literally have taken away a womans right to choose for her own body &amp; her children by disallowing the‚Ä¶ https://t.co/RC6kbqRArq,0,Twitter Web App,
Shelly Friedland,3884134881,"Upper West Side, Manhattan",2023-01-17 22:18:58,@NickTagliaferro How about the FDA?  50 states reviewing drug safety standards?  Great idea! He seems to object to‚Ä¶ https://t.co/7hEpIkYOPV,0,Twitter Web App,
Justin Feinberg,1482152921181605888,"Astoria, NY",2023-01-17 21:29:47,"@PFTCommenter Not a drug guy, defintely a hat guy",0,Twitter for iPhone,
Liam Whelan,1536107558,Fairview ,2023-01-17 21:24:55,"@gardainfo , the pure lack of presence on places like lower abbey street is utterly shocking yet @dublincouncil wil‚Ä¶ https://t.co/kmSF6urpWh",1,Twitter for iPhone,
Liam Whelan,1536107558,Fairview ,2023-01-17 21:12:25,@GardaTraffic @gardainfo I work in a premises abbey street the lack or presence of an garda√≠ is shocking especially‚Ä¶ https://t.co/wpRIWJy3wV,0,Twitter for iPhone,
HotSauce-SZN,718226887873585154,"Bronx, NY",2023-01-17 20:57:08,@JaMorant Aren't they suppose to drug test you 3 times per season and I forgot how many times in the off-season,0,Twitter for Android,
Speedy Djac,4808465116,"Bronx, NY",2023-01-17 20:13:14,@20sheartthrob @DailyLoud How do we know he's actually being drug tested?,1,Twitter for Android,
Anthony Ruggiero,835816450455711744,"Bronx, NY",2023-01-17 20:08:34,@trixareforlibs @SilverBurnerAG Here's what policy priorities look like and how access to housing (even for drug ad‚Ä¶ https://t.co/N08jzPjFWx,0,Twitter for Android,
Anthony Ruggiero,835816450455711744,"Bronx, NY",2023-01-17 20:06:45,"@trixareforlibs @SilverBurnerAG All true, drug addiction is an antecedent/precedent factor in homelessness. But as‚Ä¶ https://t.co/QXOi5v2C1B",0,Twitter for Android,
D. Hall,1004466057313169408,"Bronx, NY",2023-01-17 19:31:59,Ja Morant got drug tested 6 times this season‚Ä¶ Wow!!!,0,Twitter for iPhone,
Melanie,35838584,NYC,2023-01-17 16:36:28,"@bigsmallones @rosannascotto I think the current Dem circus is def contributing to the problem 

Encourage and norm‚Ä¶ https://t.co/Zw6Kiu12sK",0,Twitter for iPhone,
„Ä∞Ô∏è‚ùïLü¶Ç,1357913221898862592,,2023-01-17 16:31:07,I only kid with the drug references!,0,Twitter for iPhone,
Aditi Juneja,545630206,"Astoria, Queens",2023-01-17 15:44:01,@KaleofKales @phireman2 @DuckFoward @pasimism @ScottHech The alternate measures we have for things like drug use an‚Ä¶ https://t.co/nEoSqk8ska,0,Twitter for iPhone,
Aditi Juneja,545630206,"Astoria, Queens",2023-01-17 15:40:37,@KaleofKales @phireman2 @DuckFoward @pasimism @ScottHech Drug use (esp marijuana) is the same in both! One is polic‚Ä¶ https://t.co/KW2MsBXvC1,0,Twitter for iPhone,
Aditi Juneja,545630206,"Astoria, Queens",2023-01-17 15:34:28,@KaleofKales @phireman2 @DuckFoward @pasimism @ScottHech The neighborhoods and communities that are policed today a‚Ä¶ https://t.co/JTBrAfO0pS,0,Twitter for iPhone,
Ricky Ricardo,1587195545969377286,"Bronx, NY",2023-01-17 09:23:58,Drug cartel link to murders of six people in California house as teenage mother and baby identified https://t.co/LvVXG1xDS4,0,Twitter Web App,
stevie,1066407541704409088,"Bronx, NY",2023-01-17 01:15:44,How does ESPN put their finger on the drug dealer from breaking bad to give the intro,0,Twitter for iPhone,
Jay Hex,1385483171328835585,Bronx,2023-01-16 20:51:14,Greta Thunberg dragged away by  German POLICE after anti-coal mine demonstration's violent clashes. Still hasn‚Äôt di‚Ä¶ https://t.co/3vNkvl9FPp,0,Twitter for Android,
klonka chonka chonke smoka,1517867094,uptown,2023-01-16 17:48:06,droppin the drug money to pay for my education is why i dont respect anybody,0,Twitter for iPhone,
will walsh,23390761,"astoria,ny",2023-01-16 13:29:31,@RonFilipkowski Parasites are a hell of a drug,0,Twitter for iPhone,
West Side Community Organization,1295458281381601281,"Upper West Side, Manhattan",2023-01-16 13:16:16,"@harlemeastblock Hence why Portugal model is real, and nyc model is a joke.  @ManhattanDA has created a microeconom‚Ä¶ https://t.co/Tl3HfOtf6l",1,Twitter for iPhone,
Brian Salke,757788026038722560,"Doha, Qatar",2023-01-16 13:03:52,"@profholden Not really. It‚Äôs another example of outright corporate greed. The true cost of developing the vaccine,‚Ä¶ https://t.co/Q9BJXNXZBf",0,Twitter for iPhone,
James angone,1443931105397202950,,2023-01-16 10:49:50,@Jayecane Just like I wouldn't accept the fact that we drug dealer losing 700 million dollars in noriega's Banks an‚Ä¶ https://t.co/tKxTUHLVWv,0,Twitter for Android,
James angone,1443931105397202950,,2023-01-16 10:49:11,@Jayecane He lost 700 million because Noriega was talking s*** to Reagan and Bush at that time and he got his ass s‚Ä¶ https://t.co/232Ahnw3eS,0,Twitter for Android,
Actual Bodega Cat üêà,2958872620,"Bronx, NY",2023-01-16 03:54:37,@Onewolf101 Nigga what drug you on,0,Twitter for iPhone,
Miss T,26331025,"The Bronx, New York",2023-01-16 02:58:12,And drug addiction https://t.co/ephkbfekBM,0,Twitter Web App,
ÈÇ£ÂÄã‰∫∫,1070622134685249536,Uptown,2023-01-16 02:17:31,"Totally insane. Drug addicted, one-legged woman left to fend for herself on the streets. Meanwhile non-profits gett‚Ä¶ https://t.co/rzmmTov6jN",0,Twitter for Android,
Mary Pat Campbell,15523008,"Westchester, NY",2023-01-16 01:09:32,"@PapyrusBrigade I'm sorry, no

I'm not going to include the increase in homicides, for instance, and motor vehicle‚Ä¶ https://t.co/DwS1aHIEWK",0,Twitter Web App,
News12BX,38250495,"Bronx, NY",2023-01-15 23:38:34,UPTICK IN OVERDOSES: Newly released data from the #NewYorkCity #DepartmentofHealth revealed that the #Bronx had the‚Ä¶ https://t.co/kgGUYZrVDE,2,TweetDeck,
I only like HUNNITSüí∞üíµüòè,1196432311518146560,"Bronx, NY",2023-01-15 22:46:52,‚ÄúI‚Äôm the fashion drug dealer‚Äù,0,Twitter for iPhone,
CORNPOP‚ÄôS REVENGE ‚öîÔ∏è,37726759,"Bronx, NY",2023-01-15 20:13:34,"@Slakonbothsides Alot of these academics don‚Äôt know what a hoe truly is. Hoes are graceful, they‚Äôre quiet, they get‚Ä¶ https://t.co/6bi0CgyvhX",0,Twitter for iPhone,
"Lipi Roy, MD, MPH, FASAM",81657956,"New York, USA",2023-01-15 20:04:19,"Drug overdose was an epidemic WAY before COVID which created risk factors (isolation, job/food-insecurity, anxiety)‚Ä¶ https://t.co/U38bCyCG2d",6,Twitter for Android,
Genie Lauren,18302204,"The Bronx, NY",2023-01-15 18:29:32,"Not Bernie scamming Russian oligarchs and drug cartels!!!

*HOWLS!!!!!*

#Madoff",0,TweetDeck,
mobile vulgus,76353126,The Bronx,2023-01-15 15:50:01,@mikepompeo Presented without evidence. The drug cartels are extraordinarily cunning and adaptable. They will hit t‚Ä¶ https://t.co/UZR8VofO2S,0,Twitter Web App,
Robert Lax,287982183,"New York City, Rio de Janeiro",2023-01-15 15:35:10,"@BenjaminNorton Simply a lie. 71% of excess deaths of working age males were from ""external factors"" having nothing‚Ä¶ https://t.co/hTtnhHaDp5",1,Twitter Web App,
Robert Lax,287982183,"New York City, Rio de Janeiro",2023-01-15 14:10:36,@BenjaminNorton @RnaudBertrand A bizarre twist of cause and effect to blame a disease that hardly caused mortalitie‚Ä¶ https://t.co/3gTvZdBMKS,3,Twitter Web App,
NY Latino,1432887235544813571,"Bronx, NY",2023-01-15 10:43:36,@marcel__za @cbouzy See he would be alive and well if First he Listened to the Cop from the Get go! Why was he runn‚Ä¶ https://t.co/L18PlCMwCw,0,Twitter for iPhone,
üåäRiis Waters #BLM üåä#BlueCrew,1008126742643576832,"Bronx, NY",2023-01-15 07:15:32,@ScottWalker Congressman should be drug tested AND should provide references from their home state opposing party.,0,Twitter for Android,
Neko,1116117778312904706,"Bronx, NY",2023-01-15 05:36:42,@WWE @SuperKingofBros WWE to women wrestlers : Its not a good image for you to bare it all behind a pay wall. The k‚Ä¶ https://t.co/9fQ8Fz0cg6,0,Twitter for iPhone,
Sam E. Antar,17893558,"New York, NY",2023-01-15 03:58:03,"Unfortunately, here in Manhattan, our esteemed Borough President @MarkLevineNYC and a merry band of‚Ä¶ https://t.co/WjiMDBifqQ",8,Twitter for iPhone,
j,160690499,"Bronx, NY",2023-01-15 02:33:13,@taybiggs4 That‚Äôs one kind of a drug üò≠üò≠üò≠,0,Twitter for iPhone,
James,1352096808114282496,"New York, USA",2023-01-15 02:22:08,Did someone slip something in Trevor Lawrence‚Äôs shampoo to drug him?,0,Twitter for iPhone,
Him,423128855,"Bronx, NY",2023-01-15 02:08:16,Ja Morant drug test coming right up.,0,Twitter for iPhone,
Guye Guion,4119193393,Harlem NY,2023-01-15 01:11:48,@ManishaKrishnan Let‚Äôs test the #cops for drug and steroid use as well. #LAPD,1,Twitter for iPhone,
Jardani Jovonovich,116665459,Harlem NY,2023-01-15 00:16:17,@LMNOPeezy Man I hope she leaves him for a drug dealer,0,Twitter for iPhone,
A.K.F.,14270447,Bronx,2023-01-14 22:11:37,Traditional herbal remedies do often have a core of legitimacy/efficacy that may be studied or form the basis of re‚Ä¶ https://t.co/p8wlTxPA8F,0,Twitter Web App,
CORNPOP‚ÄôS REVENGE ‚öîÔ∏è,37726759,"Bronx, NY",2023-01-14 22:06:58,To think Gunplay isn‚Äôt a top level rapper and have him reduced to ‚Äúdrug addict‚Äù is wild in and of itself. https://t.co/dv8yaoj3UZ,0,Twitter for iPhone,
West Side Community Organization,1295458281381601281,"Upper West Side, Manhattan",2023-01-14 21:46:05,"@PhoenixNYCEO @RezaC1 @nycpa Handing someone the syringes, tourniquets and mirrors to inject themselves is a drug i‚Ä¶ https://t.co/fIDF2fKNW9",2,Twitter for iPhone,
Him Jones.,1004900132339507201,"Bronx, NY",2023-01-14 20:00:18,@IcyHill @Symelo2k Hey man don‚Äôt blame me for his drug abuse now,0,Twitter for iPhone,
Todd Strassberg,53652247,"Fort Lee, NJ",2023-01-14 18:07:24,"@Cokedupoptions @elonmusk @Tesla Ita called the Least Educated Consumer Law.
Ya know... the reason every drug comme‚Ä¶ https://t.co/aNiYYfqLtA",0,Twitter for Android,
SonOfChar0079,2318579248,"Bronx, New York",2023-01-14 17:59:29,Having shitty parenting skills can sometimes lead a child to grow up too be an even shittier adult IRL with an shit‚Ä¶ https://t.co/PGijaxtAga,0,Twitter for Android,
James T,108130485,"Jersey City, New Jersey",2023-01-14 16:40:23,The Moyesaurus drug as down to rock bottom #moyesout,0,Twitter for Android,
Nancy Joyce Dora Milaje Evangelist,19446454,"Bronx, NY",2023-01-14 15:37:53,"https://t.co/6oS61ZdAxP: The meat industry‚Äôs antibiotic drug problem, explained.
https://t.co/lOLS72b1mx",0,Twitter for Android,
American.one,1014384984398823429,Trump Tower,2023-01-14 15:28:37,"@noir_mvp @LeadZombii @Allen11Rich @DonutOperator @davenewworld_2 Looks like he overdosed himself

U see him gettin‚Ä¶ https://t.co/MVji1zy2fq",0,Twitter Web App,
Bennie4rmWestSide,3297955661,"Bronx, NY",2023-01-14 15:21:02,I feel fucked up for kicking the girl I love out and her then telling me she‚Äôs pregnant but this the same bitch who‚Ä¶ https://t.co/xWJHWm5hKj,0,Twitter for iPhone,
W-2 WYA?,418947476,"Bronx, NY",2023-01-14 14:44:00,@C2thaL2thaIGG Yea my homegirl keep bragging bout getting her fixing like shit a drug or something,0,Twitter for iPhone,
Scott Carville,1327799364312567808,"Bronx, NY",2023-01-14 13:39:03,@DavidPNoble63 @ABridgen Good scientist would've Looked closely at the data before administering a drug  to the world,0,Twitter for Android,
rachelgarcia.art,113406707,"Bronx, NY",2023-01-14 11:07:18,Lori Harvey is one hell of a drug. You‚Äôre being greedy now‚Ä¶,0,Twitter for iPhone,
Adult Josh,468841721,"Bronx, NY",2023-01-14 10:48:44,"You can do crack, meth, coke Shiiiet any drug on here but soon as you mention you drinking soda at 5am, that‚Äôs wher‚Ä¶ https://t.co/dKC97okmCe",0,Twitter for iPhone,
American.one,1014384984398823429,Trump Tower,2023-01-14 06:22:03,"@WADeptHealth this is like giving cocaine to a drug addict

and call it helping",0,Twitter Web App,
Orlando V,1361315222057848833,Bronx NY ,2023-01-14 03:55:39,"@DovySimuMMA Drug Addict,Woman Abuser, Law Breaker, Need I go ON No one in the Realm of the Norm Cares about what t‚Ä¶ https://t.co/BSooLdyqXc",0,Twitter Web App,
John Joseph,123266709,nyc,2023-01-14 03:44:12,@Maroczy_Bind It‚Äôs the name of a drug company that lies all the time and pays billions in fines for fraud,0,Twitter for iPhone,
Ace,40714119,Bronx New York,2023-01-14 03:26:41,Why do all oldhead drug dealers think they are philosophers?,0,Twitter for iPhone,
Stop the üß¢,4769388015,"Bronx, NY",2023-01-14 03:25:50,"Your drug of choice is fentanylü§îü§îü§î
#loveafterlockup https://t.co/4eGDyHEGEp",4,Twitter for Android,
Miss T,26331025,"The Bronx, New York",2023-01-14 02:51:32,Meek Mill pardoned by Pennsylvania gov over gun and drug charges https://t.co/adK7lCYKXa,0,Twitter for Android,
Dorica ‚≠êÔ∏è,1098620372184981505,"Columbus, OH",2023-01-14 01:01:16,I NEED TO PERFORM! THIS SHIT DEADASS A DRUG üíØ,0,Twitter for iPhone,
The Zen Realtor üôè üáæüá™,3165959862,"Bronx, NY",2023-01-13 23:53:12,"@jellyfishwax1 @TweetBenMax it's crazy!  a few months ago i made a left turn on my own block and boom, $180!  it ne‚Ä¶ https://t.co/QKO6uxa1Gl",0,Twitter for Android,
dwake,2862801449,"Bronx, NY",2023-01-13 22:20:05,@ScottFishman @AP Yeah 50 something year olds NEVER die of heart problems. Especially not the ones with histories of drug abuse.,0,Twitter for iPhone,
FromTheGMan,1328724724394979329,"Harlem, New York",2023-01-13 21:17:40,Developing News: The Drug 50x Stronger Than¬†Heroin https://t.co/CQHR4pYEgy,0,Jetpack.com,
James,2601339795,"Westchester, NY",2023-01-13 20:18:11,@Hxlo1x @Oso__Gifted @JayCartere @BlackDolltm @maylynne_ After they said ‚ÄúA therapist with a masters degree can pre‚Ä¶ https://t.co/TJxoI9OSv8,0,Twitter for iPhone,
Jon Jack (Solkuro) üéÆ,80920904,"Bronx, NY",2023-01-13 18:33:41,"@FightingGM GM the international drug lord lol üòÇ
Shit is too crazy.",0,Twitter for iPhone,
ÈÇ£ÂÄã‰∫∫,1070622134685249536,Uptown,2023-01-13 18:17:55,@the3els @jakeshieldsajj You misspelled drug overdose,0,Twitter for Android,
Her,4872898073,south bronx,2023-01-13 18:15:01,definitely going to talk about ‚Äúmarijuana is the gateway drug to worse drugs‚Äù discussion because not acknowledging‚Ä¶ https://t.co/0tW3RqZdNn,0,Twitter for iPhone,
SammyWavy,286366313,Bronx ,2023-01-13 16:19:38,Music is like a drug to me,0,Twitter for iPhone,
Hood Favorite üóΩ,1182374534172893191,"CrownHeights, BK/Westbury, LI",2023-01-13 16:11:43,"@_t_d____d Attention a hell of a drug, everyone thought they was neighborhood LMFAOOO",0,Twitter for iPhone,
Malik,1479495767366803458,"Bronx, NY",2023-01-13 15:48:08,@GeorgeHermanRu4 @AngelaBelcamino Elvis died because he was ahead of his time. He followed to 2023 Liberal Lifestyl‚Ä¶ https://t.co/MEmOuzQux1,0,Twitter for iPhone,
Petty Davis,94880895,Rockefeller Center,2023-01-13 15:40:15,@GroyperPhire @Danger2Carlos @KEEMSTAR Strange that a Scientologist with a drug and alcohol problem died of cardiac‚Ä¶ https://t.co/VAT7wFI4FZ,0,Twitter for iPhone,
R.Mo,1264022096591507456,"Bronx, NY",2023-01-13 13:44:00,@orchidstogo @thesherylralph Also take into consideration the threat to the public and himself. He was running in t‚Ä¶ https://t.co/ZcxU2FeGDc,0,Twitter for Android,
Julian Silverman,2623241758,New York,2023-01-13 13:06:33,Excited to include this development in my tox course this semester: students are always very interested to learn ab‚Ä¶ https://t.co/woxaZjKjsG,0,Twitter for iPhone,
Michael Ottey,21979877,Los Angeles,2023-01-13 12:50:49,"If you‚Äôre in #NewYork you will spot a Duane Reade. Like Starbucks, they‚Äôre everywhere. The drug store founders name‚Ä¶ https://t.co/pwyQpkCfho",3,Twitter for iPad,
Chadford,1257351853039333380,"Bronx, NY",2023-01-13 09:05:24,I think i follow a drug addict,1,Twitter for iPhone,
Oscar Israel Rodriguez üá©üá¥,76044869,"Bronx, NY",2023-01-13 05:43:28,"America is so corrupt we all under police investigation, from our local drug dealer all the way up to the President of the United States üòÖ",0,Twitter for iPhone,
Otis,1514033528949907458,"Bronx, NY",2023-01-13 03:23:29,@NBCNews Stop with the vax BS if you seen her at the golden globes you can clearly see drug use and her genetics do‚Ä¶ https://t.co/8aHAOynYaD,0,Twitter for iPhone,
CFR,2819631618,"Bronx, NY",2023-01-13 03:03:24,@SoCalSister22 @AP Cocaine is hell of a drug‚Ä¶add opioid and alcohol. Heart can only do so much :),0,Twitter for iPhone,
Peter Vox,3327468268,"Bronx, NY",2023-01-13 02:33:10,"@Dario2rnr @janet420 Exactly.  The news won't mention that. I know she's had drug problems,  so I feel it was drug or jab related.",0,Twitter for Android,
√á,1457509161936244742,"Bronx, NY",2023-01-13 02:03:40,@ScrubbyCuber @Apostolusvacui @cc_shadow @DiscussingFilm Whatever man drug induced heart attack same thing,0,Twitter for iPhone,
Astrid M. Aune,271036442,"Astoria, Queens",2023-01-13 00:21:00,@jessicaramos shouts out AM Aubry‚Äôs legacy and shares that this part of Queens now has a legacy of reforming regres‚Ä¶ https://t.co/yIXIw6u6CG,2,Twitter for iPhone,
Astrid M. Aune,271036442,"Astoria, Queens",2023-01-13 00:12:08,"The #TNJTownHall is being held at @Elmcor, which generously donated their space. Assemblymember @AubryforNY was the‚Ä¶ https://t.co/ppXGbNwqsy",1,Twitter for iPhone,
CNBC,20402945,"Englewood Cliffs, NJ",2023-01-12 23:40:00,Gilead CEO Daniel O‚ÄôDay breaks down the company's new twice-a-year HIV drug. Watch the full video:‚Ä¶ https://t.co/ZrM2J5JGK9,1,Twitter Media Studio,
mansion teele,67629640,Harlem - New York City,2023-01-12 22:32:45,"It's so many people dying from drug overdoses, BBL complications and domestic violence.",4,Twitter Web App,
DarkandLovely üá∫üá∏üá∫üá∏,1330368017847513094,"Bronx, NY",2023-01-12 22:01:44,@nikosakii @nodoenovote @layxsnv Just like there are plenty of Black Americans doing well. I‚Äôm triggered because yo‚Ä¶ https://t.co/iyxTRDWn4C,0,Twitter for iPhone,
Zak! Failla,764108504999297025,"Westchester, NY",2023-01-12 21:20:01,Spotsylvania Sheriff Roger Harris said that a drug and heroin dealer #wanted in various jurisdictions is off the st‚Ä¶ https://t.co/cVjLMu8nHE,0,Twitter Web App,
Black Migo,1327138045351649280,Uptown USA,2023-01-12 18:59:34,@TheRedDeadPhoto @RockstarGames Make it a real Drug War  WE ONLINE FOR CRYING OUT LOUD,0,Twitter for iPhone,
üá∫üá¶ Steven Walk,3714666976,Herald Square (Manhattan),2023-01-12 18:26:06,Does anyone know what percentage of  homeless Americans have had opportunities/resources to be housed and turned th‚Ä¶ https://t.co/2mybwLVlQY,0,Twitter for iPhone,
Rich (NYC era),28979807,"New York, NY",2023-01-12 18:11:04,guide to drug combinations https://t.co/LtjzM9wyD4,0,Twitter for iPhone,
Patrick,1228102451666006016,"DA BRONX, NEW YORK",2023-01-12 17:59:18,So the New Communist GQP are bringing Hunter Biden up on Charges of Lying About Drug Use on a Federal Form but GEOR‚Ä¶ https://t.co/zzVf7PhWYc,0,Twitter for Android,
Brutus Gorum,65075288,"Bronx, New York",2023-01-12 17:41:49,"@TheKnicksRecap @goodkidburncity Never Recap like telling a gambler, drug-addict, or drunk to stop lol the Machine is my vice...",0,Twitter for Android,
Stop Abuse Campaign,140997419,"Bronx, New York",2023-01-12 17:00:08,"How can we prevent America's chronic drug abuse problem?

https://t.co/p45UIZUtFY

#DrugAbuse #DrugAbuseAwareness‚Ä¶ https://t.co/E9JbSA5wqf",1,Semrush Social Media Tool,
CNBC,20402945,"Englewood Cliffs, NJ",2023-01-12 16:42:00,Gilead CEO Daniel O‚ÄôDay breaks down the company's new twice-a-year HIV drug. Watch the full video:‚Ä¶ https://t.co/DKK5Cr2dq4,6,Twitter Media Studio,
Wildflower,1494021649515044866,"Bronx, NY",2023-01-12 14:58:51,lord pls keep these drug dealers away from me amen üôè,0,Twitter for iPhone,
J Mont,1399928090697084930,"BRONX, NY",2023-01-12 14:46:34,@DiOGeeJC @lonewolfsamuel @austinramsey152 Someone drug test this guy. https://t.co/tkQp0DcjUt,1,Twitter for iPhone,
Tina Mitchell,1467745465370300420,"Bronx, NY",2023-01-12 14:20:26,"I have enemy, do to a drug war ,   Stacy asked for .",0,Twitter for Android,
^Golden Era^,548107144,"East Harlem, New York",2023-01-12 13:25:08,Attention is a drug,0,Twitter for iPhone,
üèÑüèæ‚Äç‚ôÇÔ∏è,2578815366,"Bronx, NY",2023-01-12 12:50:57,Just Blaze should be drug tested for this because it isn‚Äôt fair https://t.co/1xdUstRMn9 https://t.co/aIVo0wwx3t,0,Twitter for iPhone,
NARDSüï∏,1006980618788458497,"Bronx, NY",2023-01-12 06:16:50,When I‚Äôm drunk I be tipping the bottle girls and bartender like I‚Äôm a drug dealer üòÇ,0,Twitter for iPhone,
Robert Lax,287982183,"New York City, Rio de Janeiro",2023-01-12 05:26:30,"@cafreiman When you realize that some conceptions of liberty are more about utilitarianism than morality.

""I don't‚Ä¶ https://t.co/yo15Vj3oIM",1,Twitter Web App,
Young Gohan,900903542,"Bronx, New York",2023-01-12 03:58:13,"Ya need to give it up. He in shape, drug free and he got his teeth fixed lmaooo that‚Äôs the difference. STOP DOING D‚Ä¶ https://t.co/EgeXWoLzFg",0,Twitter for iPhone,
„Ä∞Ô∏è‚ùïLü¶Ç,1357913221898862592,,2023-01-11 23:49:23,#ElDeBarge Arrested for Weapon and Drug Possession https://t.co/awiOURtCK4 via @TMZ,0,Twitter for iPhone,
The Zen Realtor üôè üáæüá™,3165959862,"Bronx, NY",2023-01-11 22:52:04,"@SandyforCouncil if the condition is bringing them up to code, then we're not actually getting any new units lol

t‚Ä¶ https://t.co/mtbE8HN92N",0,Twitter for Android,
Multipolar World Views,1595911149014458368,"Bronx, NY",2023-01-11 22:46:31,@ToryFibs Who writes this sh*+?? We should ship all the drug addicts directly the the author of this posts home. Yo‚Ä¶ https://t.co/tF5F8qyIUZ,0,Twitter for iPhone,
Naima Cochrane,78417631,Uptown,2023-01-11 22:06:53,"Arrested again.
Weapon and drug possession. https://t.co/pf6GlA5RJn",1,Twitter for iPhone,
fotzepolitic,332319997,bk nyc she/they 22,2023-01-11 20:07:40,between u and me do u think they would drug test me if i worked for the department of health,0,Twitter for iPhone,
Maxwell ‚ÄúSwell‚Äù Haddad üß°üíô,375945451,"Brooklyn, NY",2023-01-11 19:45:20,Groupthink is a helluva drug. One person with clout or a large platform says something and thousands of people fall‚Ä¶ https://t.co/DfCWtxX80f,0,Twitter for iPhone,
Concerned Citizens of Chelsea,1509990403155582980,"Chelsea, NYC",2023-01-11 17:56:48,@NYCMayor Let's get cameras at 21st &amp; 8th to shut down the open air drug market and any businesses collaborating wi‚Ä¶ https://t.co/CLdMgnYxK8,0,Twitter Web App,
benzo-baby,1566791213935722498,"Bronx, NY",2023-01-11 16:32:30,@outherewhynot Nah but imma make sure they get therapy and drug therapy at the first sign I see. I want my kids to‚Ä¶ https://t.co/VVOHKlzoWV,0,Twitter for Android,
YP aka Young Paul,482639571,"Bronx, NY",2023-01-11 15:51:43,"@C4Crotona @CephasMusic @alcottmusic @jeredsanders @QFlo_Music215 Gang said‚Ä¶ 

Around the outlines of chalk where t‚Ä¶ https://t.co/bnbPrjIoHw",0,Twitter for iPhone,
TMLeigh,1437115811030835212,"Westchester, NY",2023-01-11 12:41:14,@GovRonDeSantis Take the drug dealer proceeds.,0,Twitter for iPhone,
"Cara Harbstreet, RD",1195715646,Kansas City,2023-01-11 04:27:37,@RobertaAnding @type1christine @DiabetesSocMed To suggest we should consider using a novel drug with unknown long t‚Ä¶ https://t.co/zXlsKr4OWO,0,Twitter for iPhone,
Dr. Johnny,77120338,NYC,2023-01-11 04:02:07,@maggiecg12 Nice of you to crop out the drug addicts/homeless people sleeping on that stoop,0,Twitter for iPhone,
CreativityOverdrive,1193333710088757249,"Bronx, NY",2023-01-11 00:33:17,the mascot that had initially scared the kid returns with some candy for the kid. The games and food from before ea‚Ä¶ https://t.co/bWEaPhmIsa,0,Twitter for iPhone,
Sam E. Antar,17893558,"New York, NY",2023-01-10 18:49:50,"I‚Äôm very sorry for your loss. As a parent who lost his youngest son to drug abuse, I understand your pain. Unfortun‚Ä¶ https://t.co/WdGFQHDERx",4,Twitter for iPhone,
üéØUniqueGemzüß∏,1592952646297681923,"Bronx, NY",2023-01-10 17:55:25,@The_ZeusNetwork this company/brand is way too toxic for viewing. People getting bust up side the head with bottles‚Ä¶ https://t.co/0NR4sWKyyt,0,Twitter for Android,
DaWhiteBrotha,16217315,"Harlem, NY",2023-01-10 17:04:30,@cedric_alpha How do you know he is drug addicted?,0,Twitter for Android,
Michael Beltzer,3374048573,"Bronx, NY",2023-01-10 15:18:50,hello your friendly reminder that any enforcement personnel you know or have met has been around or involved in ass‚Ä¶ https://t.co/sYxpa3J2J8,0,Twitter Web App,
Sochima Isioma Ochije,1269985902073458688,"Bronx, NY",2023-01-10 13:42:53,The Food and Drug Administration (FDA) on Friday  1/6/2023 approved Lecanemab (Leqembi) for the treatment of Alzhei‚Ä¶ https://t.co/izHv5PKpVY,0,Twitter for iPhone,
ü•ë,73913764,"Bronx, NY",2023-01-10 13:22:50,Why Chinese ppl don‚Äôt invent their own medicine? They hate USA a lot why they craving for Paxlovid. Eat your Sinova‚Ä¶ https://t.co/eVGa8eDa3l,0,Twitter for iPhone,
